
SET SQL_MODE = "NO_AUTO_VALUE_ON_ZERO";

/*!40101 SET @OLD_CHARACTER_SET_CLIENT=@@CHARACTER_SET_CLIENT */;
/*!40101 SET @OLD_CHARACTER_SET_RESULTS=@@CHARACTER_SET_RESULTS */;
/*!40101 SET @OLD_COLLATION_CONNECTION=@@COLLATION_CONNECTION */;
/*!40101 SET NAMES utf8mb4 */;

--
-- Baza danych: `jobnotice`
--

--
-- Zrzut danych tabeli `article`
--

INSERT INTO `article` (`id`, `name`, `slug`, `thumb`, `content`, `lid`, `keywords`, `description`, `date`) VALUES
(1, 'Skrypt ofert pracy JobNotice', 'skrypt-ofert-pracy-jobnotice', '/upload/images/adult-architect-blueprint-business-416405.jpg', '<p>Skrypt ofert pracy JobNotice umożliwia stworzenie własnej strony internetowej z ofertami pracy. Może to być strona lokalna, og&oacute;lnopolska lub międzynarodowa. Dzięki dużej liczbie opcji konfiguracyjnych możesz dostosować skrypt do swoich indywidualnych wymagań. Skrypt umożliwia zarabianie na umieszczonych reklamach lub wprowadzenie opłat za wystawienie i dodawanie ogłoszenia.</p>\r\n', 'Skrypt ofert pracy JobNotice umozliwia stworzenie własnej strony internetowej z ofertami pracy. ', 'skrypt oferty pracy, skrypt ofert pracy, skrypt jobnotice, oferty pracy, skrypt strony www', 'Skrypt ofert pracy JobNotice umożliwia stworzenie własnej strony internetowej z ofertami pracy. Może to być strona lokalna, ogólnopolska lub międzynarodowa. ', '2020-05-24 11:21:18'),
(2, 'Lorem Ipsum', 'lorem-ipsum', '/upload/images/adults-apron-business-counter-580613.jpg', '<p>Sed ut perspiciatis unde omnis iste natus error sit voluptatem accusantium doloremque laudantium, totam rem aperiam, eaque ipsa quae ab illo inventore veritatis et quasi architecto beatae vitae dicta sunt explicabo. Nemo enim ipsam voluptatem quia voluptas sit aspernatur aut odit aut fugit, sed quia consequuntur magni dolores eos qui ratione voluptatem sequi nesciunt. Neque porro quisquam est, qui dolorem ipsum quia dolor sit amet, consectetur, adipisci velit, sed quia non numquam eius modi tempora incidunt ut labore et dolore magnam aliquam quaerat voluptatem. Ut enim ad minima veniam, quis nostrum exercitationem ullam corporis suscipit laboriosam, nisi ut aliquid ex ea commodi consequatur? Quis autem vel eum iure reprehenderit qui in ea voluptate velit esse quam nihil molestiae consequatur, vel illum qui dolorem eum fugiat quo voluptas nulla pariatur?</p>\r\n\r\n<p>Sed ut perspiciatis unde omnis iste natus error sit voluptatem accusantium doloremque laudantium, totam rem aperiam, eaque ipsa quae ab illo inventore veritatis et quasi architecto beatae vitae dicta sunt explicabo. Nemo enim ipsam voluptatem quia voluptas sit aspernatur aut odit aut fugit, sed quia consequuntur magni dolores eos qui ratione voluptatem sequi nesciunt. Neque porro quisquam est, qui dolorem ipsum quia dolor sit amet, consectetur, adipisci velit, sed quia non numquam eius modi tempora incidunt ut labore et dolore magnam aliquam quaerat voluptatem. Ut enim ad minima veniam, quis nostrum exercitationem ullam corporis suscipit laboriosam, nisi ut aliquid ex ea commodi consequatur? Quis autem vel eum iure reprehenderit qui in ea voluptate velit esse quam nihil molestiae consequatur, vel illum qui dolorem eum fugiat quo voluptas nulla pariatur?</p>\r\n\r\n<p>Sed ut perspiciatis unde omnis iste natus error sit voluptatem accusantium doloremque laudantium, totam rem aperiam, eaque ipsa quae ab illo inventore veritatis et quasi architecto beatae vitae dicta sunt explicabo. Nemo enim ipsam voluptatem quia voluptas sit aspernatur aut odit aut fugit, sed quia consequuntur magni dolores eos qui ratione voluptatem sequi nesciunt. Neque porro quisquam est, qui dolorem ipsum quia dolor sit amet, consectetur, adipisci velit, sed quia non numquam eius modi tempora incidunt ut labore et dolore magnam aliquam quaerat voluptatem. Ut enim ad minima veniam, quis nostrum exercitationem ullam corporis suscipit laboriosam, nisi ut aliquid ex ea commodi consequatur? Quis autem vel eum iure reprehenderit qui in ea voluptate velit esse quam nihil molestiae consequatur, vel illum qui dolorem eum fugiat quo voluptas nulla pariatur?</p>\r\n', 'Sed ut perspiciatis unde omnis iste natus error sit voluptatem accusantium doloremque laudantium, totam rem aperiam, eaque ipsa quae ab.', '', '', '2020-05-24 11:25:11'),
(3, 'Praca marzeń', 'praca-marzen', '/upload/images/close-up-of-human-hand-327540.jpg', '<p>Lorem ipsum dolor sit amet, consectetur adipiscing elit, sed do eiusmod tempor incididunt ut labore et dolore magna aliqua. Ut enim ad minim veniam, quis nostrud exercitation ullamco laboris nisi ut aliquip ex ea commodo consequat. Duis aute irure dolor in reprehenderit in voluptate velit esse cillum dolore eu fugiat nulla pariatur. Excepteur sint occaecat cupidatat non proident, sunt in culpa qui officia deserunt mollit anim id est laborum</p>\r\n\r\n<p>Lorem ipsum dolor sit amet, consectetur adipiscing elit, sed do eiusmod tempor incididunt ut labore et dolore magna aliqua. Ut enim ad minim veniam, quis nostrud exercitation ullamco laboris nisi ut aliquip ex ea commodo consequat. Duis aute irure dolor in reprehenderit in voluptate velit esse cillum dolore eu fugiat nulla pariatur. Excepteur sint occaecat cupidatat non proident, sunt in culpa qui officia deserunt mollit anim id est laborum</p>\r\n', 'Lorem ipsum dolor sit amet, consectetur adipiscing elit, sed do eiusmod tempor incididunt ut labore et dolore magna aliqua. ', '', '', '2020-05-24 11:26:01'),
(4, 'Oferty pracy online', 'oferty-pracy-online', '/upload/images/depth-of-field-photo-of-man-sitting-on-chair-while-holding-927451.jpg', '<p>At vero eos et accusamus et iusto odio dignissimos ducimus qui blanditiis praesentium voluptatum deleniti atque corrupti quos dolores et quas molestias excepturi sint occaecati cupiditate non provident, similique sunt in culpa qui officia deserunt mollitia animi, id est laborum et dolorum fuga. Et harum quidem rerum facilis est et expedita distinctio. Nam libero tempore, cum soluta nobis est eligendi optio cumque nihil impedit quo minus id quod maxime placeat facere possimus, omnis voluptas assumenda est, omnis dolor repellendus. Temporibus autem quibusdam et aut officiis debitis aut rerum necessitatibus saepe eveniet ut et voluptates repudiandae sint et molestiae non recusandae. Itaque earum rerum hic tenetur a sapiente delectus, ut aut reiciendis voluptatibus maiores alias consequatur aut perferendis doloribus asperiores repellat.</p>\r\n\r\n<p>At vero eos et accusamus et iusto odio dignissimos ducimus qui blanditiis praesentium voluptatum deleniti atque corrupti quos dolores et quas molestias excepturi sint occaecati cupiditate non provident, similique sunt in culpa qui officia deserunt mollitia animi, id est laborum et dolorum fuga. Et harum quidem rerum facilis est et expedita distinctio. Nam libero tempore, cum soluta nobis est eligendi optio cumque nihil impedit quo minus id quod maxime placeat facere possimus, omnis voluptas assumenda est, omnis dolor repellendus. Temporibus autem quibusdam et aut officiis debitis aut rerum necessitatibus saepe eveniet ut et voluptates repudiandae sint et molestiae non recusandae. Itaque earum rerum hic tenetur a sapiente delectus, ut aut reiciendis voluptatibus maiores alias consequatur aut perferendis doloribus asperiores repellat.</p>\r\n', 'At vero eos et accusamus et iusto odio dignissimos ducimus qui blanditiis praesentium voluptatum deleniti atque corrupti quos dolores.', '', '', '2020-05-24 11:26:38');

--
-- Zrzut danych tabeli `category`
--

INSERT INTO `category` (`id`, `category_id`, `position`, `slug`, `name`, `cost`, `thumb`, `path`, `content`, `h1`, `title`, `keywords`, `description`) VALUES
(1, 0, 1, 'administracja-biurowa', 'Administracja biurowa', 0, '', 'administracja-biurowa', '', '', '', '', ''),
(2, 1, 1, 'sekretariat-recepcja', 'Sekretariat / recepcja', 0, '', 'administracja-biurowa/sekretariat-recepcja', '', '', '', '', ''),
(3, 1, 2, 'tlumaczenia', 'Tłumaczenia', 0, '', 'administracja-biurowa/tlumaczenia', '', '', '', '', ''),
(4, 1, 3, 'przetwarzanie-danych', 'Przetwarzanie danych', 0, '', 'administracja-biurowa/przetwarzanie-danych', '', '', '', '', ''),
(5, 1, 4, 'zarzadzanie-biurem', 'Zarządzanie biurem', 0, '', 'administracja-biurowa/zarzadzanie-biurem', '', '', '', '', ''),
(6, 0, 2, 'budowy-i-remonty', 'Budowy i remonty', 0, '', 'budowy-i-remonty', '', '', '', '', ''),
(7, 6, 1, 'architektura-i-projektowanie', 'Architektura i projektowanie', 0, '', 'budowy-i-remonty/architektura-i-projektowanie', '', '', '', '', ''),
(8, 6, 2, 'instalacje', 'Instalacje', 0, '', 'budowy-i-remonty/instalacje', '', '', '', '', ''),
(9, 0, 4, 'edukacja-i-szkolenia', 'Edukacja i szkolenia', 0, '', 'edukacja-i-szkolenia', '', '', '', '', ''),
(10, 9, 1, 'jezyki-obce', 'Języki obce', 0, '', 'edukacja-i-szkolenia/jezyki-obce', '', '', '', '', ''),
(11, 9, 2, 'szkolenia', 'Szkolenia', 0, '', 'edukacja-i-szkolenia/szkolenia', '', '', '', '', ''),
(12, 9, 3, 'szkolnictwo', 'Szkolnictwo', 0, '', 'edukacja-i-szkolenia/szkolnictwo', '', '', '', '', ''),
(13, 0, 5, 'finanse-i-ksiegowosc', 'Finanse i księgowość', 0, '', 'finanse-i-ksiegowosc', '', '', '', '', ''),
(14, 13, 1, 'audyt', 'Audyt', 0, '', 'finanse-i-ksiegowosc/audyt', '', '', '', '', ''),
(15, 13, 2, 'doradztwo', 'Doradztwo', 0, '', 'finanse-i-ksiegowosc/doradztwo', '', '', '', '', ''),
(16, 13, 3, 'ksiegowosc', 'Księgowość', 0, '', 'finanse-i-ksiegowosc/ksiegowosc', '', '', '', '', ''),
(17, 13, 4, 'rynki-kapitalowe', 'Rynki kapitałowe', 0, '', 'finanse-i-ksiegowosc/rynki-kapitalowe', '', '', '', '', ''),
(18, 0, 7, 'franczyza-wlasna-firma', 'Franczyza / Własna firma', 0, '', 'franczyza-wlasna-firma', '', '', '', '', ''),
(19, 18, 1, 'agd-i-rtv', 'AGD i RTV', 0, '', 'franczyza-wlasna-firma/agd-i-rtv', '', '', '', '', ''),
(20, 18, 2, 'artykuly-spozywcze', 'Artykuły spożywcze', 0, '', 'franczyza-wlasna-firma/artykuly-spozywcze', '', '', '', '', ''),
(21, 18, 3, 'chemia', 'Chemia', 0, '', 'franczyza-wlasna-firma/chemia', '', '', '', '', ''),
(22, 18, 4, 'kosmetyki', 'Kosmetyki', 0, '', 'franczyza-wlasna-firma/kosmetyki', '', '', '', '', ''),
(23, 18, 5, 'doradztwo', 'Doradztwo', 0, '', 'franczyza-wlasna-firma/doradztwo', '', '', '', '', ''),
(24, 18, 6, 'edukacja-i-szkolenia', 'Edukacja i szkolenia', 0, '', 'franczyza-wlasna-firma/edukacja-i-szkolenia', '', '', '', '', ''),
(25, 18, 7, 'gastronomia', 'Gastronomia', 0, '', 'franczyza-wlasna-firma/gastronomia', '', '', '', '', ''),
(26, 18, 8, 'hotelarstwo', 'Hotelarstwo', 0, '', 'franczyza-wlasna-firma/hotelarstwo', '', '', '', '', ''),
(27, 18, 9, 'it', 'IT', 0, '', 'franczyza-wlasna-firma/it', '', '', '', '', ''),
(28, 18, 10, 'motoryzacja', 'Motoryzacja', 0, '', 'franczyza-wlasna-firma/motoryzacja', '', '', '', '', ''),
(29, 18, 11, 'nieruchomosci', 'Nieruchomości', 0, '', 'franczyza-wlasna-firma/nieruchomosci', '', '', '', '', ''),
(30, 18, 12, 'odziez', 'Odzież', 0, '', 'franczyza-wlasna-firma/odziez', '', '', '', '', ''),
(31, 18, 13, 'ubezpieczenia', 'Ubezpieczenia', 0, '', 'franczyza-wlasna-firma/ubezpieczenia', '', '', '', '', ''),
(33, 0, 8, 'gastronomia', 'Gastronomia', 0, '', 'gastronomia', '', '', '', '', ''),
(34, 0, 9, 'hotelarstwo', 'Hotelarstwo', 0, '', 'hotelarstwo', '', '', '', '', ''),
(35, 0, 10, 'it-telekomunikacja', 'IT, telekomunikacja', 0, '', 'it-telekomunikacja', '', '', '', '', ''),
(36, 35, 1, 'administracja', 'Administracja', 0, '', 'it-telekomunikacja/administracja', '', '', '', '', ''),
(37, 35, 3, 'bezpieczenstwo-audyt', 'Bezpieczeństwo / audyt', 0, '', 'it-telekomunikacja/bezpieczenstwo-audyt', '', '', '', '', ''),
(38, 35, 8, 'wsparcie-techniczne', 'Wsparcie techniczne', 0, '', 'it-telekomunikacja/wsparcie-techniczne', '', '', '', '', ''),
(39, 35, 2, 'analiza-biznesowa', 'Analiza biznesowa', 0, '', 'it-telekomunikacja/analiza-biznesowa', '', '', '', '', ''),
(40, 35, 6, 'programowanie', 'Programowanie', 0, '', 'it-telekomunikacja/programowanie', '', '', '', '', ''),
(41, 0, 11, 'kadra-kierownicza', 'Kadra kierownicza', 0, '', 'kadra-kierownicza', '', '', '', '', ''),
(43, 0, 15, 'transport', 'Transport', 0, '', 'transport', '', '', '', '', ''),
(44, 43, 2, 'kierowca', 'Kierowca', 0, '', 'transport/kierowca', '', '', '', '', ''),
(45, 43, 3, 'kurier', 'Kurier', 0, '', 'transport/kurier', '', '', '', '', ''),
(46, 43, 4, 'spedycja', 'Spedycja', 0, '', 'transport/spedycja', '', '', '', '', ''),
(47, 0, 12, 'marketing', 'Marketing', 0, '', 'marketing', '', '', '', '', ''),
(48, 47, 1, 'badania-marketingowe', 'Badania marketingowe', 0, '', 'marketing/badania-marketingowe', '', '', '', '', ''),
(49, 47, 2, 'kampanie-marketingowe', 'Kampanie marketingowe', 0, '', 'marketing/kampanie-marketingowe', '', '', '', '', ''),
(50, 47, 3, 'marketing-bezposredni', 'Marketing bezpośredni', 0, '', 'marketing/marketing-bezposredni', '', '', '', '', ''),
(51, 47, 4, 'marketing-internetowy', 'Marketing internetowy', 0, '', 'marketing/marketing-internetowy', '', '', '', '', ''),
(52, 47, 5, 'zarzadzanie-marketingiem', 'Zarządzanie marketingiem', 0, '', 'marketing/zarzadzanie-marketingiem', '', '', '', '', ''),
(53, 47, 6, 'przedstawiciel-handlowy', 'Przedstawiciel handlowy', 0, '', 'marketing/przedstawiciel-handlowy', '', '', '', '', ''),
(54, 35, 5, 'inzynieria', 'Inżynieria', 0, '', 'it-telekomunikacja/inzynieria', '', '', '', '', ''),
(55, 35, 4, 'erp', 'ERP', 0, '', 'it-telekomunikacja/erp', '', '', '', '', ''),
(56, 35, 7, 'testowanie', 'Testowanie', 0, '', 'it-telekomunikacja/testowanie', '', '', '', '', ''),
(57, 43, 1, 'agencje-celne', 'Agencje celne', 0, '', 'transport/agencje-celne', '', '', '', '', ''),
(58, 0, 13, 'praca-fizyczna', 'Praca fizyczna', 0, '', 'praca-fizyczna', '', '', '', '', ''),
(59, 58, 7, 'pracownicy-budowlani', 'Pracownicy budowlani', 0, '', 'praca-fizyczna/pracownicy-budowlani', '', '', '', '', ''),
(60, 58, 8, 'pracownicy-magazynowi', 'Pracownicy magazynowi', 0, '', 'praca-fizyczna/pracownicy-magazynowi', '', '', '', '', ''),
(61, 58, 6, 'ochrona', 'Ochrona', 0, '', 'praca-fizyczna/ochrona', '', '', '', '', ''),
(62, 58, 3, 'mechanik-blacharz-lakiernik', 'Mechanik / blacharz / lakiernik', 0, '', 'praca-fizyczna/mechanik-blacharz-lakiernik', '', '', '', '', ''),
(63, 58, 4, 'monterzy-serwisanci', 'Monterzy / serwisanci', 0, '', 'praca-fizyczna/monterzy-serwisanci', '', '', '', '', ''),
(64, 58, 9, 'pracownicy-produkcji', 'Pracownicy produkcji', 0, '', 'praca-fizyczna/pracownicy-produkcji', '', '', '', '', ''),
(65, 58, 5, 'obsluga-hotelowa', 'Obsługa hotelowa', 0, '', 'praca-fizyczna/obsluga-hotelowa', '', '', '', '', ''),
(66, 58, 10, 'roznoszenie-ulotek', 'Roznoszenie ulotek', 0, '', 'praca-fizyczna/roznoszenie-ulotek', '', '', '', '', ''),
(67, 58, 11, 'sprzatanie', 'Sprzątanie', 0, '', 'praca-fizyczna/sprzatanie', '', '', '', '', ''),
(68, 58, 2, 'kasjer', 'Kasjer', 0, '', 'praca-fizyczna/kasjer', '', '', '', '', ''),
(69, 58, 1, 'fryzjer-kosmetyczka', 'Fryzjer / kosmetyczka', 0, '', 'praca-fizyczna/fryzjer-kosmetyczka', '', '', '', '', ''),
(70, 58, 12, 'wykladanie-towaru-inwentar', 'Wykładanie towaru / inwentar.', 0, '', 'praca-fizyczna/wykladanie-towaru-inwentar', '', '', '', '', ''),
(71, 0, 3, 'call-center', 'Call Center', 0, '', 'call-center', '', '', '', '', ''),
(72, 0, 16, 'zdrowie-i-uroda', 'Zdrowie i uroda', 0, '', 'zdrowie-i-uroda', '', '', '', '', ''),
(73, 72, 1, 'apteka', 'Apteka', 0, '', 'zdrowie-i-uroda/apteka', '', '', '', '', ''),
(74, 72, 2, 'kosmetyka', 'Kosmetyka', 0, '', 'zdrowie-i-uroda/kosmetyka', '', '', '', '', ''),
(75, 72, 3, 'lekarze', 'Lekarze', 0, '', 'zdrowie-i-uroda/lekarze', '', '', '', '', ''),
(76, 72, 4, 'sport', 'Sport', 0, '', 'zdrowie-i-uroda/sport', '', '', '', '', ''),
(77, 0, 6, 'fotografia-i-filmowanie', 'Fotografia i filmowanie', 0, '', 'fotografia-i-filmowanie', '', '', '', '', ''),
(78, 77, 1, 'animacja-komputerowa', 'Animacja komputerowa', 0, '', 'fotografia-i-filmowanie/animacja-komputerowa', '', '', '', '', ''),
(79, 77, 2, 'grafika-fotografia', 'Grafika / fotografia', 0, '', 'fotografia-i-filmowanie/grafika-fotografia', '', '', '', '', ''),
(80, 77, 3, 'reklama', 'Reklama', 0, '', 'fotografia-i-filmowanie/reklama', '', '', '', '', ''),
(81, 0, 14, 'prawo', 'Prawo', 0, '', 'prawo', '', '', '', '', ''),
(82, 81, 1, 'prawnik', 'Prawnik', 0, '', 'prawo/prawnik', '', '', '', '', ''),
(83, 81, 2, 'specjalista', 'Specjalista', 0, '', 'prawo/specjalista', '', '', '', '', ''),
(84, 81, 3, 'windykacja', 'Windykacja', 0, '', 'prawo/windykacja', '', '', '', '', '');

--
-- Zrzut danych tabeli `option`
--

INSERT INTO `option` (`id`, `name`, `position`, `kind`, `required`, `categories_all`, `search`, `select_choices`) VALUES
(1, 'Typ umowy', 1, 'select', 0, 1, 1, 'Umowa o pracę\r\nUmowa o dzieło\r\nUmowa zlecenie\r\nSamozatrudnienie\r\nInny'),
(2, 'Specjalne wymagania', 2, 'select', 0, 1, 1, 'Brak\r\nOrzeczenie o niepełnosprawności\r\nStatus studenta'),
(3, 'Wymiar pracy', 3, 'select', 0, 1, 1, 'Pełny etat\r\nNiepełny etat\r\nDodatkowa / sezonowa\r\nPraktyka / staż'),
(4, 'Poziom stanowiska', 4, 'select', 0, 1, 1, 'Praktykant / stażysta\r\nPracownik fizyczny\r\nAsystent\r\nMłodszy specjalista\r\nSpecjalista\r\nStarszy specjalista\r\nEkspert\r\nKierownik\r\nMenedżer\r\nDyrektor\r\nPrezes'),
(5, 'Możliwość pracy zdalnej', 5, 'select', 0, 1, 1, 'Tak\r\nNie'),
(6, 'Rodzaj wynagrodzenia', 6, 'select', 0, 1, 1, 'Miesięczne\r\nTygodniowo\r\nDzienne\r\nStawka godzinowa\r\nStawka akordowa');


--
-- Zrzut danych tabeli `state`
--

INSERT INTO `state` (`id`, `state_id`, `position`, `slug`, `name`) VALUES
(1, 0, 1, 'dolnoslaskie', 'Dolnośląskie'),
(2, 0, 2, 'kujawskopomorskie', 'Kujawsko-pomorskie'),
(3, 0, 3, 'lodzkie', 'Łódzkie'),
(4, 0, 4, 'lubelskie', 'Lubelskie'),
(5, 0, 5, 'lubuskie', 'Lubuskie'),
(6, 0, 6, 'malopolskie', 'Małopolskie'),
(7, 0, 7, 'mazowieckie', 'Mazowieckie'),
(8, 0, 8, 'opolskie', 'Opolskie'),
(9, 0, 9, 'podkarpackie', 'Podkarpackie'),
(10, 0, 10, 'podlaskie', 'Podlaskie'),
(11, 0, 11, 'pomorskie', 'Pomorskie'),
(12, 0, 12, 'slaskie', 'Śląskie'),
(13, 0, 13, 'swietokrzyskie', 'Świętokrzyskie'),
(14, 0, 14, 'warminskomazurskie', 'Warmińsko-mazurskie'),
(15, 0, 15, 'wielkopolskie', 'Wielkopolskie'),
(16, 0, 16, 'zachodniopomorskie', 'Zachodniopomorskie'),
(17, 0, 17, 'zagranica', 'Zagranica'),
(18, 1, 16, 'wroclaw', 'Wrocław'),
(19, 1, 15, 'walbrzych', 'Wałbrzych'),
(20, 1, 8, 'legnica', 'Legnica'),
(21, 1, 6, 'jelenia-gora', 'Jelenia Góra'),
(22, 1, 9, 'lubin', 'Lubin'),
(23, 1, 4, 'glogow', 'Głogów'),
(24, 1, 13, 'swidnica', 'Świdnica'),
(25, 1, 2, 'boleslawiec', 'Bolesławiec'),
(26, 1, 11, 'olesnica', 'Oleśnica'),
(27, 1, 3, 'dzierzoniow', 'Dzierżoniów'),
(28, 1, 12, 'olawa', 'Oława'),
(29, 1, 17, 'zgorzelec', 'Zgorzelec'),
(30, 1, 1, 'bielawa', 'Bielawa'),
(31, 1, 7, 'klodzko', 'Kłodzko'),
(32, 1, 5, 'jawor', 'Jawor'),
(33, 1, 14, 'swiebodzice', 'Świebodzice'),
(34, 1, 10, 'nowa-ruda', 'Nowa Ruda'),
(35, 2, 3, 'bydgoszcz', 'Bydgoszcz'),
(36, 2, 6, 'grudziadz', 'Grudziądz'),
(37, 2, 15, 'torun', 'Toruń'),
(38, 2, 16, 'wloclawek', 'Włocławek'),
(39, 2, 1, 'aleksandrow-kujawski', 'Aleksandrów Kujawski'),
(40, 2, 2, 'brodnica', 'Brodnica'),
(41, 2, 4, 'chelmno', 'Chełmno'),
(42, 2, 5, 'golub-dobrzyn', 'Golub-Dobrzyń'),
(43, 2, 7, 'inowroclaw', 'Inowrocław'),
(44, 2, 8, 'lipno', 'Lipno'),
(45, 2, 9, 'mogilno', 'Mogilno'),
(46, 2, 10, 'naklo-nad-notecia', 'Nakło nad Notecią'),
(47, 2, 11, 'radziejow', 'Radziejów'),
(48, 2, 12, 'rypin', 'Rypin'),
(49, 2, 13, 'sepolno-krajenskie', 'Sępólno Krajeńskie'),
(50, 2, 14, 'swiecie', 'Świecie'),
(51, 2, 17, 'znin', 'Żnin'),
(52, 4, 9, 'lublin', 'Lublin'),
(53, 4, 17, 'zamosc', 'Zamość'),
(54, 4, 3, 'chelm', 'Chełm'),
(55, 4, 1, 'biala-podlaska', 'Biała Podlaska'),
(56, 4, 13, 'pulawy', 'Puławy'),
(57, 4, 15, 'swidnik', 'Świdnik'),
(58, 4, 7, 'krasnik', 'Kraśnik'),
(59, 4, 11, 'lukow', 'Łuków'),
(60, 4, 2, 'bilgoraj', 'Biłgoraj'),
(61, 4, 8, 'lubartow', 'Lubartów'),
(62, 4, 16, 'tomaszow-lubelski', 'Tomaszów Lubelski'),
(63, 4, 10, 'leczna', 'Łęczna'),
(64, 4, 6, 'krasnystaw', 'Krasnystaw'),
(65, 4, 5, 'hrubieszow', 'Hrubieszów'),
(66, 4, 12, 'miedzyrzecz-podlaski', 'Międzyrzecz Podlaski'),
(67, 4, 4, 'deblin', 'Dęblin'),
(68, 4, 14, 'radzyn-podlaski', 'Radzyń Podlaski'),
(69, 5, 2, 'gorzow-wielkopolski', 'Gorzów Wielkopolski'),
(70, 5, 16, 'zielona-gora', 'Zielona Góra'),
(71, 5, 1, 'drezdenko', 'Drezdenko'),
(72, 5, 3, 'gubin', 'Gubin'),
(73, 5, 4, 'kostrzyn-nad-odra', 'Kostrzyn nad Odrą'),
(74, 5, 6, 'lubsko', 'Lubsko'),
(75, 5, 5, 'krosno-odrzanskie', 'Krosno Odrzańskie	'),
(76, 5, 7, 'miedzyrzecz', 'Międzyrzecz'),
(77, 5, 8, 'nowa-sol', 'Nowa Sól'),
(78, 5, 9, 'slubice', 'Słubice'),
(79, 5, 11, 'sulechow', 'Sulechów'),
(80, 5, 10, 'strzelce-krajenskie', 'Strzelce Krajeńskie'),
(81, 5, 12, 'sulecin', 'Sulęcin'),
(82, 5, 13, 'szprotawa', 'Szprotawa'),
(83, 5, 14, 'swiebodzin', 'Świebodzin'),
(84, 5, 15, 'wschowa', 'Wschowa'),
(85, 5, 17, 'zagan', 'Żagań'),
(86, 5, 18, 'zary', 'Żary'),
(87, 3, 6, 'lodz', 'Łódź'),
(88, 3, 10, 'piotrkow-trybunalski', 'Piotrków Trybunalski'),
(89, 3, 9, 'pabianice', 'Pabianice'),
(90, 3, 14, 'tomaszow-mazowiecki', 'Tomaszów Mazowiecki'),
(91, 3, 2, 'belchatow', 'Bełchatów'),
(92, 3, 17, 'zgierz', 'Zgierz'),
(93, 3, 13, 'skierniewice', 'Skierniewice'),
(94, 3, 11, 'radomsko', 'Radomsko'),
(95, 3, 3, 'kutno', 'Kutno'),
(96, 3, 16, 'zdunska-wola', 'Zduńska Wola'),
(97, 3, 12, 'sieradz', 'Sieradz'),
(98, 3, 5, 'lowicz', 'Łowicz'),
(99, 3, 15, 'wielun', 'Wieluń'),
(100, 3, 7, 'opoczno', 'Opoczno'),
(101, 3, 1, 'aleksandrow-lodzki', 'Aleksandrów Łódzki'),
(102, 3, 8, 'ozorkow', 'Ozorków'),
(103, 3, 4, 'lask', 'Łask'),
(104, 6, 6, 'krakow', 'Kraków'),
(105, 6, 13, 'tarnow', 'Tarnów'),
(106, 6, 8, 'nowy-sacz', 'Nowy Sącz'),
(107, 6, 11, 'oswiecim', 'Oświęcim'),
(108, 6, 3, 'chrzanow', 'Chrzanów'),
(109, 6, 10, 'olkusz', 'Olkusz'),
(110, 6, 9, 'nowy-targ', 'Nowy Targ'),
(111, 6, 2, 'bochnia', 'Bochnia'),
(112, 6, 4, 'gorlice', 'Gorlice'),
(113, 6, 17, 'zakopane', 'Zakopane'),
(114, 6, 12, 'skawina', 'Skawina'),
(115, 6, 16, 'wieliczka', 'Wieliczka'),
(116, 6, 1, 'andrychow', 'Andrychów'),
(117, 6, 14, 'trzebinia', 'Trzebinia'),
(118, 6, 15, 'wadowice', 'Wadowice'),
(119, 6, 5, 'kety', 'Kęty'),
(120, 6, 7, 'myslenice', 'Myślenice'),
(121, 7, 14, 'warszawa', 'Warszawa'),
(122, 7, 11, 'radom', 'Radom'),
(123, 7, 9, 'plock', 'Płock'),
(124, 7, 12, 'siedlce', 'Siedlce'),
(125, 7, 10, 'pruszkow', 'Pruszków'),
(126, 7, 3, 'legionowo', 'Legionowo'),
(127, 7, 6, 'ostroleka', 'Ostrołęka'),
(128, 7, 8, 'piaseczno', 'Piaseczno'),
(129, 7, 7, 'otwock', 'Otwock'),
(130, 7, 1, 'ciechanow', 'Ciechanów'),
(131, 7, 17, 'zyrardow', 'Żyrardów'),
(132, 7, 4, 'minsk-mazowiecki', 'Mińsk Mazowiecki'),
(133, 7, 15, 'wolomin', 'Wołomin'),
(134, 7, 13, 'sochaczew', 'Sochaczew'),
(135, 7, 16, 'zabki', 'Ząbki'),
(136, 7, 5, 'mlawa', 'Mława'),
(137, 7, 2, 'grodzisk-mazowiecki', 'Grodzisk Mazowiecki'),
(138, 8, 11, 'opole', 'Opole'),
(139, 8, 5, 'kedzierzyn-kozle', 'Kędzierzyn-Koźle'),
(140, 8, 9, 'nysa', 'Nysa'),
(141, 8, 1, 'brzeg', 'Brzeg'),
(142, 8, 6, 'kluczbork', 'Kluczbork'),
(143, 8, 14, 'prudnik', 'Prudnik'),
(144, 8, 15, 'strzelce-opolskie', 'Strzelce Opolskie'),
(145, 8, 7, 'krapkowice', 'Krapkowice'),
(146, 8, 8, 'namyslow', 'Namysłów'),
(147, 8, 3, 'glucholazy', 'Głuchołazy'),
(148, 8, 2, 'glubczyce', 'Głubczyce'),
(149, 8, 17, 'zdzieszowice', 'Zdzieszowice'),
(150, 8, 10, 'olesno', 'Olesno'),
(151, 8, 12, 'ozimek', 'Ozimek'),
(152, 8, 4, 'grodkow', 'Grodków'),
(153, 8, 13, 'praszka', 'Praszka'),
(154, 8, 16, 'zawadzkie', 'Zawadzkie'),
(155, 9, 14, 'rzeszow', 'Rzeszów'),
(156, 9, 11, 'przemysl', 'Przemyśl'),
(157, 9, 16, 'stalowa-wola', 'Stalowa Wola'),
(158, 9, 8, 'mielec', 'Mielec'),
(159, 9, 17, 'tarnobrzeg', 'Tarnobrzeg'),
(160, 9, 4, 'krosno', 'Krosno'),
(161, 9, 1, 'debica', 'Dębica'),
(162, 9, 2, 'jaroslaw', 'Jarosław'),
(163, 9, 15, 'sanok', 'Sanok'),
(164, 9, 3, 'jaslo', 'Jasło'),
(165, 9, 7, 'lancut', 'Łańcut'),
(166, 9, 12, 'przeworsk', 'Przeworsk'),
(167, 9, 13, 'ropczyce', 'Ropczyce'),
(168, 9, 9, 'nisko', 'Nisko'),
(169, 9, 5, 'lezajsk', 'Leżajsk'),
(170, 9, 6, 'lubaczow', 'Lubaczów'),
(171, 9, 10, 'nowa-deba', 'Nowa Dęba'),
(172, 10, 2, 'bialystok', 'Białystok'),
(173, 10, 14, 'suwalki', 'Suwałki'),
(174, 10, 10, 'lomza', 'Łomża'),
(175, 10, 1, 'augustow', 'Augustów'),
(176, 10, 3, 'bielsk-podlaski', 'Bielsk Podlaski'),
(177, 10, 17, 'zambrow', 'Zambrów'),
(178, 10, 6, 'grajewo', 'Grajewo'),
(179, 10, 7, 'hajnowka', 'Hajnówka'),
(180, 10, 13, 'sokolka', 'Sokółka'),
(181, 10, 9, 'lapy', 'Łapy'),
(182, 10, 12, 'siemiatycze', 'Siemiatycze'),
(183, 10, 15, 'wasilkow', 'Wasilków'),
(184, 10, 8, 'kolno', 'Kolno'),
(185, 10, 11, 'monki', 'Mońki'),
(186, 10, 5, 'czarna-bialostocka', 'Czarna Białostocka'),
(187, 10, 16, 'wysokie-mazowieckie', 'Wysokie Mazowieckie'),
(188, 10, 4, 'choroszcz', 'Choroszcz'),
(189, 11, 3, 'gdansk', 'Gdańsk'),
(190, 11, 4, 'gdynia', 'Gdynia'),
(191, 11, 12, 'slupsk', 'Słupsk'),
(192, 11, 15, 'tczew', 'Tczew'),
(193, 11, 17, 'wejherowo', 'Wejherowo'),
(194, 11, 11, 'rumia', 'Rumia'),
(195, 11, 14, 'starogard-gdanski', 'Starogard Gdański'),
(196, 11, 2, 'chojnice', 'Chojnice'),
(197, 11, 8, 'malbork', 'Malbork'),
(198, 11, 6, 'kwidzyn', 'Kwidzyn'),
(199, 11, 13, 'sopot', 'Sopot'),
(200, 11, 7, 'lebork', 'Lębork'),
(201, 11, 9, 'pruszcz-gdanski', 'Pruszcz Gdański'),
(202, 11, 10, 'reda', 'Reda'),
(203, 11, 5, 'koscierzyna', 'Kościerzyna'),
(204, 11, 1, 'bytow', 'Bytów'),
(205, 11, 16, 'ustka', 'Ustka'),
(206, 12, 9, 'katowice', 'Katowice'),
(207, 12, 4, 'czestochowa', 'Częstochowa'),
(208, 12, 14, 'sosnowiec', 'Sosnowiec'),
(209, 12, 6, 'gliwice', 'Gliwice'),
(210, 12, 16, 'zabrze', 'Zabrze'),
(211, 12, 1, 'bielsko-biala', 'Bielsko-Biała'),
(212, 12, 2, 'bytom', 'Bytom'),
(213, 12, 11, 'ruda-slaska', 'Ruda Śląska'),
(214, 12, 12, 'rybnik', 'Rybnik'),
(215, 12, 15, 'tychy', 'Tychy'),
(216, 12, 5, 'dabrowa-gornicza', 'Dąbrowa Górnicza'),
(217, 12, 3, 'chorzow', 'Chorzów'),
(218, 12, 8, 'jaworzno', 'Jaworzno'),
(219, 12, 7, 'jastrzebie-zdroj', 'Jastrzębie-Zdrój'),
(220, 12, 10, 'myslowice', 'Mysłowice'),
(221, 12, 13, 'siemianowice-slaskie', 'Siemianowice Śląskie'),
(222, 12, 17, 'zory', 'Żory'),
(223, 13, 4, 'kielce', 'Kielce'),
(224, 13, 7, 'ostrowiec-swietokrzyski', 'Ostrowiec Świętokrzyski'),
(225, 13, 13, 'starachowice', 'Starachowice'),
(226, 13, 12, 'skarzysko-kamienna', 'Skarżysko-Kamienna'),
(227, 13, 10, 'sandomierz', 'Sandomierz'),
(228, 13, 5, 'konskie', 'Końskie'),
(229, 13, 1, 'busko-zdroj', 'Busko-Zdrój'),
(230, 13, 2, 'jedrzejow', 'Jędrzejów'),
(231, 13, 14, 'staszow', 'Staszów'),
(232, 13, 8, 'pinczow', 'Pińczów'),
(233, 13, 17, 'wloszczowa', 'Włoszczowa'),
(234, 13, 16, 'suchedniow', 'Suchedniów'),
(235, 13, 9, 'polaniec', 'Połaniec'),
(236, 13, 6, 'opatow', 'Opatów'),
(237, 13, 11, 'sedziszow', 'Sędziszów'),
(238, 13, 15, 'staporkow', 'Stąporków'),
(239, 13, 3, 'kazimierza-wielka', 'Kazimierza Wielka'),
(240, 14, 14, 'olsztyn', 'Olsztyn'),
(241, 14, 4, 'elblag', 'Elbląg'),
(242, 14, 5, 'elk', 'Ełk'),
(243, 14, 15, 'ostroda', 'Ostróda'),
(244, 14, 7, 'ilawa', 'Iława'),
(245, 14, 6, 'gizycko', 'Giżycko'),
(246, 14, 8, 'ketrzyn', 'Kętrzyn'),
(247, 14, 1, 'bartoszyce', 'Bartoszyce'),
(248, 14, 17, 'szczytno', 'Szczytno'),
(249, 14, 11, 'mragowo', 'Mrągowo'),
(250, 14, 3, 'dzialdowo', 'Działdowo'),
(251, 14, 16, 'pisz', 'Pisz'),
(252, 14, 2, 'braniewo', 'Braniewo'),
(253, 14, 13, 'olecko', 'Olecko'),
(254, 14, 9, 'lidzbark-warminski', 'Lidzbark Warmiński'),
(255, 14, 10, 'morag', 'Morąg'),
(256, 14, 12, 'nidzica', 'Nidzica'),
(257, 15, 12, 'poznan', 'Poznań'),
(258, 15, 3, 'kalisz', 'Kalisz'),
(259, 15, 5, 'konin', 'Konin'),
(260, 15, 11, 'pila', 'Piła'),
(261, 15, 10, 'ostrow-wielkopolski', 'Ostrów Wielkopolski'),
(262, 15, 1, 'gniezno', 'Gniezno'),
(263, 15, 8, 'leszno', 'Leszno'),
(264, 15, 13, 'swarzedz', 'Swarzędz'),
(265, 15, 9, 'lubon', 'Luboń'),
(266, 15, 14, 'srem', 'Śrem'),
(267, 15, 17, 'wrzesnia', 'Września'),
(268, 15, 7, 'krotoszyn', 'Krotoszyn'),
(269, 15, 15, 'turek', 'Turek'),
(270, 15, 2, 'jarocin', 'Jarocin'),
(271, 15, 16, 'wagrowiec', 'Wągrowiec'),
(272, 15, 6, 'koscian', 'Kościan'),
(273, 15, 4, 'kolo', 'Koło'),
(274, 16, 13, 'szczecin', 'Szczecin'),
(275, 16, 9, 'koszalin', 'Koszalin'),
(276, 16, 12, 'stargard', 'Stargard'),
(277, 16, 8, 'kolobrzeg', 'Kołobrzeg'),
(278, 16, 16, 'swinoujscie', 'Świnoujście'),
(279, 16, 14, 'szczecinek', 'Szczecinek'),
(280, 16, 11, 'police', 'Police'),
(281, 16, 17, 'walcz', 'Wałcz'),
(282, 16, 2, 'bialogard', 'Białogard'),
(283, 16, 5, 'goleniow', 'Goleniów'),
(284, 16, 7, 'gryfino', 'Gryfino'),
(285, 16, 10, 'nowogard', 'Nowogard'),
(286, 16, 6, 'gryfice', 'Gryfice'),
(287, 16, 15, 'swidwin', 'Świdwin'),
(288, 16, 3, 'choszczno', 'Choszczno'),
(289, 16, 1, 'barlinek', 'Barlinek'),
(290, 16, 4, 'darlowo', 'Darłowo');


--
-- Zrzut danych tabeli `subcategory`
--

INSERT INTO `subcategory` (`category_id`, `subcategory_id`, `count`) VALUES
(0, 1, 0),
(0, 2, 0),
(1, 2, 0),
(0, 3, 0),
(1, 3, 0),
(0, 4, 0),
(1, 4, 0),
(0, 5, 0),
(1, 5, 0),
(0, 6, 0),
(0, 7, 0),
(6, 7, 0),
(0, 8, 0),
(6, 8, 0),
(0, 9, 0),
(0, 10, 0),
(9, 10, 0),
(0, 11, 0),
(9, 11, 0),
(0, 12, 0),
(9, 12, 0),
(0, 13, 0),
(0, 14, 0),
(13, 14, 0),
(0, 15, 0),
(13, 15, 0),
(0, 16, 0),
(13, 16, 0),
(0, 17, 0),
(13, 17, 0),
(0, 18, 0),
(0, 19, 0),
(18, 19, 0),
(0, 20, 0),
(18, 20, 0),
(0, 21, 0),
(18, 21, 0),
(0, 22, 0),
(18, 22, 0),
(0, 23, 0),
(18, 23, 0),
(0, 24, 0),
(18, 24, 0),
(0, 25, 0),
(18, 25, 0),
(0, 26, 0),
(18, 26, 0),
(0, 27, 0),
(18, 27, 0),
(0, 28, 0),
(18, 28, 0),
(0, 29, 0),
(18, 29, 0),
(0, 30, 0),
(18, 30, 0),
(0, 31, 0),
(18, 31, 0),
(0, 33, 0),
(0, 34, 0),
(0, 35, 0),
(0, 36, 0),
(35, 36, 0),
(0, 37, 0),
(35, 37, 0),
(0, 38, 0),
(35, 38, 0),
(0, 39, 0),
(35, 39, 0),
(0, 40, 0),
(35, 40, 0),
(0, 41, 0),
(0, 43, 0),
(0, 44, 0),
(43, 44, 0),
(0, 45, 0),
(43, 45, 0),
(0, 46, 0),
(43, 46, 0),
(0, 47, 0),
(0, 48, 0),
(47, 48, 0),
(0, 49, 0),
(47, 49, 0),
(0, 50, 0),
(47, 50, 0),
(0, 51, 0),
(47, 51, 0),
(0, 52, 0),
(47, 52, 0),
(0, 53, 0),
(47, 53, 0),
(0, 54, 0),
(35, 54, 0),
(0, 55, 0),
(35, 55, 0),
(0, 56, 0),
(35, 56, 0),
(0, 57, 0),
(43, 57, 0),
(0, 58, 0),
(0, 59, 0),
(58, 59, 0),
(0, 60, 0),
(58, 60, 0),
(0, 61, 0),
(58, 61, 0),
(0, 62, 0),
(58, 62, 0),
(0, 63, 0),
(58, 63, 0),
(0, 64, 0),
(58, 64, 0),
(0, 65, 0),
(58, 65, 0),
(0, 66, 0),
(58, 66, 0),
(0, 67, 0),
(58, 67, 0),
(0, 68, 0),
(58, 68, 0),
(0, 69, 0),
(58, 69, 0),
(0, 70, 0),
(58, 70, 0),
(0, 71, 0),
(0, 72, 0),
(0, 73, 0),
(72, 73, 0),
(0, 74, 0),
(72, 74, 0),
(0, 75, 0),
(72, 75, 0),
(0, 76, 0),
(72, 76, 0),
(0, 77, 0),
(0, 78, 0),
(77, 78, 0),
(0, 79, 0),
(77, 79, 0),
(0, 80, 0),
(77, 80, 0),
(0, 81, 0),
(0, 82, 0),
(81, 82, 0),
(0, 83, 0),
(81, 83, 0),
(0, 84, 0),
(81, 84, 0);

--
-- Zrzut danych tabeli `type`
--

INSERT INTO `type` (`id`, `slug`, `name`, `position`) VALUES
(1, 'dam-prace', 'Dam pracę', 1),
(2, 'szukam-pracy', 'Szukam pracy', 2);